step,mloss,gloss,loss
100.0,0.474,1.0071,1.4811
200.0,0.4345,0.9966,1.4311
300.0,0.4043,0.9786,1.3829
400.0,0.4019,0.9665,1.3684
500.0,0.3962,0.9513,1.3475000000000001
600.0,0.3872,0.9272,1.3144
700.0,0.3897,0.8947,1.2844
800.0,0.3859,0.8503,1.2362
900.0,0.3851,0.7991,1.1842000000000001
1000.0,0.3815,0.7739,1.1554
1100.0,0.3818,0.7135,1.0953
1200.0,0.3817,0.6642,1.0459
1300.0,0.3839,0.6229,1.0068000000000001
1400.0,0.3768,0.5921,0.9689
1500.0,0.3732,0.5721,0.9453
1600.0,0.3781,0.558,0.9361
1700.0,0.3756,0.5353,0.9109
1800.0,0.3721,0.5193,0.8914
1900.0,0.3685,0.5126,0.8811
2000.0,0.3691,0.5035,0.8725999999999999
2100.0,0.3638,0.4964,0.8602000000000001
2200.0,0.3668,0.4933,0.8601000000000001
2300.0,0.3586,0.4845,0.8431
2400.0,0.3583,0.4802,0.8385
2500.0,0.3545,0.4752,0.8297
2600.0,0.3624,0.4609,0.8232999999999999
2700.0,0.3547,0.4549,0.8096000000000001
2800.0,0.3537,0.449,0.8027
2900.0,0.3557,0.4443,0.8
3000.0,0.3533,0.4394,0.7927
3100.0,0.3565,0.4415,0.798
3200.0,0.3482,0.4292,0.7774000000000001
3300.0,0.3466,0.4243,0.7709
3400.0,0.3512,0.4185,0.7697
3500.0,0.3477,0.4169,0.7646
3600.0,0.3488,0.4129,0.7617
3700.0,0.3544,0.3999,0.7543
3800.0,0.3453,0.3882,0.7335
3900.0,0.3454,0.3704,0.7158
4000.0,0.3418,0.3687,0.7105
4100.0,0.3451,0.3691,0.7142
4200.0,0.3444,0.3679,0.7122999999999999
4300.0,0.3435,0.3611,0.7046
4400.0,0.3424,0.3614,0.7038
4500.0,0.3428,0.363,0.7058
4600.0,0.3373,0.3572,0.6945
4700.0,0.3395,0.3591,0.6986
4800.0,0.3344,0.3518,0.6861999999999999
4900.0,0.338,0.3563,0.6943
5000.0,0.336,0.3568,0.6928000000000001
5100.0,0.3356,0.3501,0.6857
5200.0,0.3353,0.353,0.6882999999999999
5300.0,0.3327,0.3518,0.6845
5400.0,0.3333,0.3559,0.6892
5500.0,0.3279,0.3492,0.6771
5600.0,0.3338,0.3507,0.6845
5700.0,0.3288,0.3505,0.6793
5800.0,0.3281,0.3492,0.6773
5900.0,0.3316,0.3483,0.6799
6000.0,0.3317,0.3492,0.6809000000000001
6100.0,0.3278,0.3496,0.6774
6200.0,0.3285,0.3448,0.6733
6300.0,0.3263,0.3453,0.6716
6400.0,0.326,0.3448,0.6708000000000001
6500.0,0.3241,0.3465,0.6706
6600.0,0.3253,0.3493,0.6746
6700.0,0.3176,0.3443,0.6618999999999999
6800.0,0.3183,0.3422,0.6605000000000001
6900.0,0.3293,0.3526,0.6819
7000.0,0.3315,0.3507,0.6822
7100.0,0.3231,0.3465,0.6696
7200.0,0.3215,0.3449,0.6664
7300.0,0.321,0.345,0.6659999999999999
7400.0,0.3191,0.3456,0.6647000000000001
7500.0,0.3175,0.3425,0.66
7600.0,0.314,0.3435,0.6575
7700.0,0.3134,0.3404,0.6537999999999999
7800.0,0.318,0.3438,0.6617999999999999
7900.0,0.3161,0.3422,0.6583
8000.0,0.3187,0.3428,0.6615
8100.0,0.3172,0.3424,0.6596
8200.0,0.3186,0.342,0.6606000000000001
8300.0,0.3164,0.3392,0.6556
8400.0,0.3157,0.3426,0.6583
8500.0,0.3147,0.3404,0.6551
8600.0,0.3145,0.3426,0.6571
8700.0,0.3158,0.3429,0.6587000000000001
8800.0,0.3164,0.3486,0.665
8900.0,0.3166,0.3418,0.6584
9000.0,0.314,0.3399,0.6538999999999999
9100.0,0.311,0.3421,0.6531
9200.0,0.3104,0.3385,0.6489
9300.0,0.3136,0.3406,0.6542
9400.0,0.3128,0.3395,0.6523000000000001
9500.0,0.3074,0.3385,0.6459
9600.0,0.3034,0.3376,0.641
9700.0,0.3105,0.3411,0.6516
9800.0,0.3086,0.3385,0.6471
9900.0,0.3106,0.3382,0.6488
10000.0,0.3056,0.3383,0.6438999999999999
10100.0,0.3117,0.3415,0.6532
10200.0,0.3094,0.3373,0.6467
10300.0,0.3097,0.3382,0.6478999999999999
10400.0,0.3035,0.3381,0.6416
10500.0,0.308,0.3366,0.6446000000000001
10600.0,0.303,0.3358,0.6388
10700.0,0.3058,0.3365,0.6423000000000001
10800.0,0.3011,0.3355,0.6366
10900.0,0.3032,0.3343,0.6375
11000.0,0.2992,0.3341,0.6333
11100.0,0.3049,0.3379,0.6428
11200.0,0.3032,0.3366,0.6398
11300.0,0.3008,0.3366,0.6374
11400.0,0.303,0.3361,0.6391
11500.0,0.2976,0.3354,0.633
11600.0,0.2988,0.3342,0.633
11700.0,0.2978,0.3342,0.632
11800.0,0.2996,0.3337,0.6333
11900.0,0.3051,0.3371,0.6422
12000.0,0.3017,0.3357,0.6374
12100.0,0.3018,0.338,0.6398
12200.0,0.2979,0.334,0.6319
12300.0,0.2975,0.334,0.6315
12400.0,0.2922,0.3312,0.6234
12500.0,0.2938,0.3357,0.6295
12600.0,0.2947,0.3352,0.6299
12700.0,0.296,0.3327,0.6287
12800.0,0.2973,0.3341,0.6314
12900.0,0.2938,0.3357,0.6295
13000.0,0.2941,0.3318,0.6258999999999999
13100.0,0.2959,0.3332,0.6291
13200.0,0.29,0.3322,0.6222
13300.0,0.2918,0.3327,0.6245
13400.0,0.294,0.3304,0.6244000000000001
13500.0,0.2942,0.3353,0.6295
13600.0,0.2917,0.3321,0.6238
13700.0,0.2873,0.3309,0.6182000000000001
13800.0,0.2905,0.3312,0.6216999999999999
13900.0,0.2958,0.3344,0.6302
14000.0,0.2873,0.3293,0.6166
14100.0,0.29,0.3299,0.6199
14200.0,0.2857,0.3296,0.6153
14300.0,0.2955,0.3404,0.6358999999999999
14400.0,0.2904,0.3305,0.6209
14500.0,0.2918,0.3313,0.6231
14600.0,0.2894,0.3301,0.6194999999999999
14700.0,0.2894,0.3313,0.6207
14800.0,0.2869,0.3311,0.618
14900.0,0.2916,0.3295,0.6211
15000.0,0.2869,0.3297,0.6166
15100.0,0.2886,0.3307,0.6193
15200.0,0.2868,0.3285,0.6153
15300.0,0.288,0.3292,0.6172
15400.0,0.288,0.3288,0.6168
15500.0,0.286,0.328,0.614
15600.0,0.2882,0.3316,0.6198
15700.0,0.2874,0.3283,0.6156999999999999
15800.0,0.287,0.3306,0.6175999999999999
15900.0,0.2842,0.3266,0.6108
16000.0,0.2836,0.327,0.6106
16100.0,0.2825,0.3265,0.609
16200.0,0.2847,0.3292,0.6139
16300.0,0.28,0.3263,0.6063000000000001
16400.0,0.2822,0.3248,0.607
16500.0,0.2841,0.3272,0.6113
16600.0,0.2827,0.3276,0.6103000000000001
16700.0,0.2834,0.3269,0.6103000000000001
16800.0,0.2832,0.3268,0.61
16900.0,0.2857,0.3309,0.6166
17000.0,0.2871,0.3302,0.6173
17100.0,0.2806,0.327,0.6076
17200.0,0.2797,0.3256,0.6053
17300.0,0.283,0.3278,0.6108
17400.0,0.2818,0.3257,0.6074999999999999
17500.0,0.281,0.3274,0.6084
17600.0,0.2785,0.3266,0.6051
17700.0,0.2776,0.3242,0.6018
17800.0,0.2808,0.3262,0.607
17900.0,0.2784,0.3239,0.6023000000000001
18000.0,0.2784,0.323,0.6013999999999999
18100.0,0.2782,0.325,0.6032
18200.0,0.2786,0.3259,0.6045
18300.0,0.2799,0.3249,0.6048
18400.0,0.2749,0.3241,0.599
18500.0,0.2783,0.3225,0.6008
18600.0,0.2782,0.3248,0.603
18700.0,0.2769,0.3239,0.6008
18800.0,0.2758,0.323,0.5988
18900.0,0.2757,0.3237,0.5993999999999999
19000.0,0.2764,0.3233,0.5996999999999999
19100.0,0.2746,0.3235,0.5981000000000001
19200.0,0.2802,0.323,0.6032
19300.0,0.2741,0.3236,0.5977
19400.0,0.2769,0.3229,0.5998
19500.0,0.272,0.3219,0.5939000000000001
19600.0,0.2709,0.321,0.5919
19700.0,0.2726,0.3211,0.5937
19800.0,0.2726,0.3204,0.593
19900.0,0.2754,0.3225,0.5979
20000.0,0.2752,0.3232,0.5984
20100.0,0.2803,0.3227,0.603
20200.0,0.2734,0.3218,0.5952
20300.0,0.2733,0.3212,0.5945
20400.0,0.2744,0.3209,0.5952999999999999
20500.0,0.2734,0.3204,0.5938
20600.0,0.2683,0.3186,0.5869
20700.0,0.2718,0.3213,0.5931
20800.0,0.2697,0.3208,0.5905
20900.0,0.2712,0.3204,0.5916
21000.0,0.2695,0.3195,0.589
21100.0,0.2732,0.3202,0.5933999999999999
21200.0,0.2753,0.3219,0.5972
21300.0,0.2701,0.3207,0.5908
21400.0,0.2705,0.3203,0.5908
21500.0,0.2717,0.3202,0.5919
21600.0,0.2677,0.3183,0.5860000000000001
21700.0,0.2653,0.3186,0.5839
21800.0,0.2692,0.3216,0.5908
21900.0,0.2689,0.3191,0.588
22000.0,0.2677,0.3188,0.5865
22100.0,0.2688,0.3196,0.5884
22200.0,0.2659,0.3185,0.5844
22300.0,0.2676,0.3185,0.5861000000000001
22400.0,0.2706,0.3197,0.5903
22500.0,0.2683,0.3173,0.5856
22600.0,0.2673,0.3198,0.5871
22700.0,0.2686,0.3194,0.5880000000000001
22800.0,0.2657,0.3172,0.5829
22900.0,0.2683,0.3192,0.5874999999999999
23000.0,0.2686,0.3186,0.5871999999999999
23100.0,0.2657,0.3173,0.583
23200.0,0.2634,0.3154,0.5788
23300.0,0.2657,0.3162,0.5819
23400.0,0.2643,0.3169,0.5811999999999999
23500.0,0.2673,0.3182,0.5854999999999999
23600.0,0.2665,0.3163,0.5828
23700.0,0.2643,0.3166,0.5809
23800.0,0.2643,0.3168,0.5811
23900.0,0.2656,0.3168,0.5824
24000.0,0.2621,0.3155,0.5776
24100.0,0.2615,0.3158,0.5773
24200.0,0.2644,0.3159,0.5803
24300.0,0.261,0.3153,0.5763
24400.0,0.266,0.315,0.581
24500.0,0.2623,0.3149,0.5771999999999999
24600.0,0.2642,0.3164,0.5806
24700.0,0.2634,0.3159,0.5793
24800.0,0.2621,0.315,0.5771
24900.0,0.263,0.3146,0.5776
25000.0,0.2601,0.3145,0.5746
25100.0,0.2626,0.3148,0.5774
25200.0,0.2595,0.3148,0.5743
25300.0,0.262,0.3142,0.5762
25400.0,0.2606,0.3146,0.5751999999999999
25500.0,0.2606,0.3149,0.5755
25600.0,0.261,0.3141,0.5751
25700.0,0.262,0.3144,0.5764
25800.0,0.2606,0.3144,0.575
25900.0,0.2633,0.3138,0.5771
26000.0,0.2622,0.3144,0.5766
26100.0,0.2585,0.3132,0.5717
26200.0,0.259,0.3128,0.5718000000000001
26300.0,0.2608,0.3133,0.5741
26400.0,0.261,0.3128,0.5738000000000001
26500.0,0.2619,0.3145,0.5764
26600.0,0.2611,0.3129,0.5740000000000001
26700.0,0.2601,0.3131,0.5731999999999999
26800.0,0.2615,0.3125,0.5740000000000001
26900.0,0.2608,0.3121,0.5729
27000.0,0.2619,0.3125,0.5744
27100.0,0.2584,0.3115,0.5699000000000001
27200.0,0.2592,0.3126,0.5718
27300.0,0.2609,0.312,0.5729
27400.0,0.2573,0.3116,0.5689
27500.0,0.2608,0.3127,0.5734999999999999
27600.0,0.2577,0.3122,0.5699
27700.0,0.2576,0.3106,0.5682
27800.0,0.257,0.3111,0.5681
27900.0,0.2572,0.3111,0.5683
28000.0,0.2584,0.3111,0.5695
28100.0,0.256,0.3113,0.5673
28200.0,0.2567,0.3109,0.5676
28300.0,0.2587,0.3102,0.5689
28400.0,0.2573,0.3112,0.5685
28500.0,0.2569,0.3108,0.5677000000000001
28600.0,0.2569,0.3111,0.5680000000000001
28700.0,0.2556,0.3103,0.5659000000000001
28800.0,0.2562,0.31,0.5662
28900.0,0.2564,0.3106,0.567
29000.0,0.2551,0.3101,0.5651999999999999
29100.0,0.2595,0.3106,0.5701
29200.0,0.2569,0.3108,0.5677000000000001
29300.0,0.2549,0.3099,0.5648
29400.0,0.2578,0.3104,0.5682
29500.0,0.2595,0.3095,0.569
29600.0,0.2552,0.3097,0.5649
29700.0,0.2535,0.31,0.5635
29800.0,0.2553,0.3101,0.5654
29900.0,0.2548,0.3091,0.5639000000000001
30000.0,0.2537,0.3098,0.5635
